rsid,chromosome,position,genotype.f1,genotype.f2,genotype.f3,genotype.f4,genotype.f5,genotype.t1,genotype.t2,genotype.t3,genotype.t4,genotype.t5
rs10000438,4,61456357,TT,CC,TT,CT,TT,TT,CT,CC,TT,CT
rs10008278,4,62049261,TT,TT,NA,NA,TT,CT,CT,NA,NA,TT
rs10014728,4,61530179,TT,TT,TT,TT,TT,TT,TT,TT,TT,TT
rs10016361,4,61437492,AA,AA,AA,AA,--,AA,AA,AC,AA,AA
rs10016690,4,62041914,CC,CT,NA,NA,CC,CT,CT,NA,NA,CC
rs10019200,4,61407871,TT,TT,TT,TT,TT,TT,TT,TT,TT,TT
rs10022351,4,61471503,AG,AA,AG,AA,AG,GG,AA,AA,AG,AA
rs10024649,4,61211632,GG,GG,GG,GG,GG,GG,GG,GG,GG,GG
rs10029192,4,62063506,AG,AA,NA,NA,AA,AA,AG,NA,NA,AG
rs10031140,4,61597472,GG,GG,GT,GG,GG,GT,GG,GG,GG,GG
rs1026420,4,61971627,GT,GT,NA,NA,GT,GG,GG,NA,NA,TT
rs1032893,4,61801655,AA,GG,NA,NA,AA,AA,AG,NA,NA,AA
rs1032896,4,61856947,GG,AG,NA,NA,GG,GG,AG,NA,NA,AG
rs10428284,4,61966431,GG,GG,NA,NA,GG,GG,GG,NA,NA,GG
rs10446793,4,61807126,AA,AG,NA,NA,AA,AA,AG,NA,NA,AA
rs10517516,4,61397322,CC,CC,CC,CC,CC,CC,CC,CT,CC,CC
rs10517517,4,61468128,AA,AA,AA,AA,AA,AA,AG,AG,AA,AA
rs10517518,4,61478011,GG,GG,GG,GG,GG,GG,GG,GG,GG,GG
rs10517521,4,61608181,AA,--,AA,AG,AA,AA,AA,AA,AA,AG
rs10517524,4,61664691,AA,AA,AA,AG,AA,AG,AA,AG,AG,AG
rs10517525,4,61664322,GG,GG,GG,AG,GG,AG,GG,AG,AG,AG
rs10517529,4,61812680,AG,AA,NA,NA,AA,AA,AG,NA,NA,AA
rs10866107,4,61231039,AA,CC,AC,AA,AC,AA,AA,AC,AC,CC
rs10866114,4,61680652,GT,GG,GT,GG,TT,GG,TT,GT,GT,GT
rs11131285,4,61506202,CC,NA,NA,CC,CC,CC,NA,NA,CC,NA
rs11131298,4,61664877,AA,GG,AG,GG,AG,GG,AG,AG,AG,AG
rs11723834,4,61448183,GG,GG,GG,GG,GG,GG,GG,GG,GG,GG
rs11729528,4,61892861,GG,GG,NA,NA,GG,GG,GG,NA,NA,GG
rs11733134,4,61235758,GG,GG,AG,GG,GG,GG,GG,GG,AG,GG
rs11734262,4,61206591,AA,GG,AG,AA,AA,AA,AA,AG,AG,AG
rs11945755,4,61534582,TT,TT,TT,TT,TT,TT,TT,TT,TT,TT
rs12186207,4,61698171,AC,AA,CC,AC,AC,AC,AC,--,CC,CC
rs12331903,4,61844734,CC,CT,NA,NA,TT,TT,CC,NA,NA,CT
rs12499198,4,61771192,GG,GG,NA,NA,GG,GG,GG,NA,NA,AG
rs12499516,4,61766160,AG,AA,NA,NA,AG,AG,AG,NA,NA,GG
rs12502086,4,61357009,TT,TT,TT,TT,TT,TT,TT,TT,TT,TT
rs12508911,4,61843068,CC,CT,NA,NA,TT,CT,CC,NA,NA,CT
rs12642913,4,61507682,GG,GG,GG,GG,GG,GG,GG,GG,GG,GG
rs12651686,4,61318035,TT,NA,NA,TT,CT,CT,NA,NA,TT,NA
rs13107100,4,61957221,AA,AG,NA,NA,AG,GG,AG,NA,NA,AA
rs13126466,4,61701276,GG,NA,NA,GG,GT,GG,NA,NA,GT,NA
rs13127162,4,61951872,TT,CT,NA,NA,CT,CC,CT,NA,NA,TT
rs13128004,4,61695959,GG,GG,GT,GG,GT,GG,GT,GT,GT,GG
rs13132034,4,61849455,GG,AG,NA,NA,GG,GG,GG,NA,NA,GG
rs13132569,4,61285751,AC,AA,AC,AC,AC,AA,CC,AA,AA,AC
rs13147561,4,61909788,GG,GG,NA,NA,AG,GG,GG,NA,NA,GG
rs13150558,4,61870241,GG,AG,NA,NA,GG,GG,GG,NA,NA,GG
rs1350246,4,61958951,AA,AG,NA,NA,AG,GG,AG,NA,NA,AA
rs1375680,4,61700067,AA,AA,AC,AA,AC,AA,AC,AC,AC,AC
rs1378365,4,61458240,GG,AA,GG,AG,GG,GG,AG,AA,GG,AG
rs1394956,4,61785136,AG,GG,NA,NA,AG,GG,GG,NA,NA,AG
rs1439294,4,61224333,TT,GG,TT,TT,TT,TT,TT,GT,TT,GT
rs1439317,4,61211498,CC,TT,CT,CC,CT,CC,CC,CT,CT,TT
rs1449598,4,61731330,TT,NA,NA,CT,CT,CT,NA,NA,CC,NA
rs1449622,4,61688491,AG,AA,AG,AG,GG,AG,GG,GG,GG,GG
rs1455268,4,61420689,TT,CC,TT,CT,TT,TT,CT,CC,TT,CT
rs1455280,4,61454026,AA,GG,AA,AG,AA,AA,AA,AG,AA,AG
rs1456860,4,61922541,GG,GT,NA,NA,TT,GT,TT,NA,NA,GG
rs1456863,4,61896583,AA,AG,NA,NA,AA,AA,AA,NA,NA,AA
rs1456870,4,61978785,AC,AA,NA,NA,AC,AA,AC,NA,NA,CC
rs1470645,4,61690574,CT,CC,CT,CC,CT,CC,CT,CT,CT,CT
rs1471018,4,61446066,GG,GG,GG,GG,GG,GG,GG,AG,GG,GG
rs1486493,4,61518785,TT,CT,CT,CT,TT,CT,TT,TT,TT,CC
rs1486503,4,61638561,TT,CT,CT,CT,CT,TT,TT,CT,TT,CC
rs1486506,4,61630449,TT,TT,CT,TT,CT,TT,TT,CT,TT,CT
rs1505663,4,61814685,AG,AA,NA,NA,AG,AA,AA,NA,NA,AA
rs1505664,4,61814940,AA,AG,NA,NA,AG,GG,AA,NA,NA,GG
rs1505679,4,61880796,TT,TT,NA,NA,TT,TT,TT,NA,NA,TT
rs1546380,4,61828772,AG,AG,NA,NA,GG,AG,AA,NA,NA,GG
rs17090281,4,61368043,AA,CC,AA,AC,AA,AA,AA,AC,AA,AC
rs17090284,4,61378103,CC,TT,CC,CT,CC,CC,CC,CT,CC,CT
rs17090295,4,61421065,GG,GG,GG,GG,GG,GG,GG,GT,GG,GG
rs17090351,4,61603829,AA,AG,AA,AA,AA,AG,AA,AA,AA,AA
rs17090416,4,61781532,AA,AA,NA,NA,AA,AA,AA,NA,NA,AG
rs17090424,4,61845638,GG,AG,NA,NA,GG,GG,AG,NA,NA,AG
rs17090446,4,61937817,TT,CT,NA,NA,TT,TT,TT,NA,NA,TT
rs17219773,4,61926823,GT,GG,NA,NA,GG,GG,GG,NA,NA,GG
rs17238715,4,61479693,GG,GG,GG,GG,GG,GG,AG,AG,GG,GG
rs17238968,4,61938663,AG,AG,NA,NA,AA,AG,AA,NA,NA,AG
rs17238975,4,61950748,AA,AG,NA,NA,AA,AA,AA,NA,NA,AG
rs17238982,4,61966905,AA,AA,NA,NA,AG,AA,AG,NA,NA,AA
rs17291829,4,61697385,TT,TT,TT,GT,TT,GT,TT,TT,GT,GT
rs17291927,4,61964227,AA,AA,NA,NA,AA,AA,AA,NA,NA,AA
rs17828156,4,61608567,AA,AG,AA,AG,AA,AA,AA,AA,AA,AG
rs17828306,4,61845423,AA,AG,NA,NA,AA,AA,GG,NA,NA,AG
rs17828324,4,61908200,AA,AC,NA,NA,AA,AA,AA,NA,NA,AA
rs1823424,4,61676381,AG,GG,GG,AG,GG,AG,GG,AG,AG,AG
rs1827770,4,61786707,TT,TT,NA,NA,CT,TT,TT,NA,NA,TT
rs186750,4,62076241,CT,CC,NA,NA,CC,CC,CC,NA,NA,CT
rs1906073,4,61519728,CC,AA,AC,AC,CC,AC,AC,AC,CC,AA
rs1979111,4,61796182,TT,TT,NA,NA,TT,TT,TT,NA,NA,TT
rs1983112,4,61795788,TT,TT,NA,NA,TT,TT,TT,NA,NA,TT
rs2053864,4,61661359,AA,AA,AA,AC,AC,AC,AC,AC,AC,AC
rs2061266,4,61941431,GG,GG,NA,NA,GG,GG,GG,NA,NA,GG
rs2122280,4,61745607,TT,TT,GT,GT,GT,TT,GT,GT,GT,TT
rs2124236,4,61388951,GG,AA,GG,AG,GG,GG,GG,AG,GG,AG
rs2124793,4,61938624,TT,TT,NA,NA,GT,GT,GT,NA,NA,TT
rs2124794,4,61973229,AG,AA,NA,NA,AA,AA,AG,NA,NA,GG
rs2129267,4,61574339,CC,CC,CT,CC,CC,CT,CC,CT,CC,CT
rs2342453,4,61792365,CT,TT,NA,NA,CT,TT,CT,NA,NA,CT
rs2342456,4,61806648,AC,AC,NA,NA,AA,AA,CC,NA,NA,AA
rs2342716,4,61865504,CC,CT,NA,NA,CC,CC,CC,NA,NA,CC
rs2643036,4,61999167,TT,CT,NA,NA,TT,CC,CT,NA,NA,CC
rs2880143,4,61612651,CC,CC,CT,CC,CT,CC,CC,CT,CC,CT
rs2880363,4,61850501,GG,AG,NA,NA,GG,GG,AG,NA,NA,AG
rs335271,4,62044054,GG,NA,NA,NA,GG,GG,NA,NA,NA,NA
rs335273,4,62042657,TT,TT,NA,NA,TT,TT,TT,NA,NA,CC
rs335286,4,62051357,AG,AA,NA,NA,AG,AG,AG,NA,NA,AG
rs335288,4,62055775,AA,AA,NA,NA,AA,AA,AA,NA,NA,AA
rs335293,4,62037386,GG,GG,NA,NA,GG,GG,GG,NA,NA,AG
rs335305,4,62076355,CT,CT,NA,NA,CT,CC,CT,NA,NA,CT
rs335306,4,62064134,CT,CC,NA,NA,CC,CC,CC,NA,NA,CT
rs335317,4,62069735,AG,NA,NA,NA,GG,GG,NA,NA,NA,NA
rs4072938,4,61336883,AA,GG,AA,AG,AA,AA,AA,AG,AA,AG
rs4272045,4,61346511,GG,GG,GG,GG,AG,GG,GG,GG,GG,GG
rs4314315,4,61291667,AA,NA,NA,AG,AG,AG,NA,NA,AA,NA
rs4413435,4,61277836,TT,TT,CT,TT,CT,CT,TT,TT,TT,TT
rs4460023,4,61272049,GG,GG,AG,GG,AG,AG,GG,GG,GG,GG
rs4496609,4,61324159,GG,GG,GG,GG,GG,GG,GG,GG,GG,GG
rs4535361,4,61235528,GG,AA,GG,GG,GG,GG,GG,AG,GG,AG
rs4571366,4,61343490,GG,GG,GG,GG,GG,GG,GG,GG,GG,GG
rs4588490,4,61606224,AG,AG,AG,AG,GG,AA,AA,AG,GG,GG
rs4599440,4,61648868,CC,CT,CT,CT,CC,CT,CC,CT,CC,CT
rs6551597,4,61409045,TT,TT,TT,TT,TT,TT,TT,TT,TT,TT
rs6551601,4,61511985,GG,GT,GT,GT,GG,GT,GG,GG,GG,TT
rs6551621,4,61867316,TT,GT,NA,NA,TT,TT,TT,NA,NA,TT
rs6813173,4,61604723,AG,AG,AG,AG,AA,GG,GG,AG,AA,AA
rs6813806,4,61591594,TT,TT,CT,TT,TT,CT,TT,CT,TT,CT
rs6824906,4,61972847,GG,AG,NA,NA,GG,GG,GG,NA,NA,AA
rs6826243,4,61422555,TT,CC,TT,CT,TT,TT,CT,CC,TT,CT
rs6826967,4,61907700,AA,AA,NA,NA,AA,AA,AA,NA,NA,AA
rs6841219,4,61743646,TT,TT,CT,CT,CT,TT,CT,CT,CT,TT
rs6845545,4,61762810,AA,AA,NA,NA,AA,AG,AA,NA,NA,AG
rs6854914,4,61759038,AG,GG,AA,AA,AG,AG,AG,AA,AA,AA
rs6858223,4,61923121,AA,AA,NA,NA,GG,AG,GG,NA,NA,AA
rs725264,4,61365090,TT,CC,TT,CT,TT,TT,TT,CT,TT,CT
rs7435420,4,61832654,AG,AG,NA,NA,GG,AG,AA,NA,NA,AG
rs754422,4,61514712,AA,AA,AA,AA,AA,AA,AA,AA,AA,AA
rs7655251,4,61847008,CC,CT,NA,NA,CC,CC,CC,NA,NA,CC
rs7660536,4,61589804,AG,AG,AG,AG,AA,GG,AG,AG,AA,AG
rs7666314,4,61657736,GG,GG,GG,GG,GT,GG,GT,GG,GG,GG
rs7682411,4,61440205,GG,GG,GG,GG,GG,GG,GG,GG,GG,GG
rs7683598,4,61966417,AA,AA,NA,NA,AA,AA,AA,NA,NA,AA
rs7687640,4,61231208,AA,AA,AA,AA,AG,AA,AA,AA,AA,AG
rs7695405,4,61846104,CC,CC,NA,NA,CT,CC,TT,NA,NA,TT
rs7696364,4,61339138,TT,GG,TT,GT,GT,TT,TT,GT,TT,GT
rs7699691,4,61631083,TT,CT,CT,TT,CT,CT,TT,CT,TT,CT
rs7699903,4,61538046,GG,GG,GG,GG,GG,GG,GG,GG,GG,GG
rs8180200,4,61529551,GG,AG,AG,AG,GG,AG,GG,GG,GG,AA
rs901388,4,61514831,AA,CC,AC,AC,AA,AC,AC,AC,AA,CC
rs924940,4,61783455,GG,GG,NA,NA,AG,GG,GG,NA,NA,GG
rs930668,4,61686928,AG,NA,NA,GG,GG,GG,NA,NA,GG,NA
rs9312059,4,61456385,GG,GG,GG,GG,GG,GG,GG,GG,GG,GG
rs9312075,4,61825618,AA,AA,NA,NA,AG,AA,AA,NA,NA,AA
rs9312076,4,61933672,CT,CT,NA,NA,CC,CT,CC,NA,NA,CT
rs966084,4,61600253,CC,NA,NA,CC,CC,CC,NA,NA,CC,NA
rs9684510,4,61933607,AC,AC,NA,NA,AC,CC,AC,NA,NA,AC
rs9685679,4,61863287,AA,AG,NA,NA,AA,AA,AG,NA,NA,AG
rs991588,4,61993563,AA,AA,NA,NA,AA,AA,AA,NA,NA,AA
rs9995171,4,61317167,GG,AA,AG,AG,AG,AG,GG,AG,GG,AG
rs9998310,4,61842510,GG,AG,NA,NA,AA,AG,GG,NA,NA,AG
